player,sentiment_compound_mean,sentiment_compound_std,sentiment_compound_count,sentiment_<lambda>,positive_count,negative_count,neutral_count,total_mentions,positive_pct,negative_pct,neutral_pct,sentiment_score,top_keywords,sentiment_trend
Alaba,0.0,0.0,6,Counter({'neutral': 6}),0,0,6,6,0.0,0.0,100.0,0.0,"{'icon': np.int64(2), 'jesús': np.int64(2), 'jesús vallejo': np.int64(2), 'jurrien': np.int64(2), 'jurrien timber': np.int64(2), 'lucas': np.int64(2), 'mag': np.int64(2), 'p1': np.int64(2), 'p1 arsenal': np.int64(2), 'p222': np.int64(3), 'raya': np.int64(2), 'sprite1': np.int64(4), 'sprite6': np.int64(3), 'sprite6 p222': np.int64(3), 'xi': np.int64(2)}",stable
Ancelotti,-0.03956,0.5426118098701191,20,"Counter({'positive': 7, 'negative': 7, 'neutral': 6})",7,7,6,20,35.0,35.0,30.0,0.0,"{'federico': np.int64(5), 'federico gatti': np.int64(5), 'ferguson': np.int64(6), 'gatti': np.int64(5), 'guardiola': np.int64(9), 'losses': np.int64(15), 'p82': np.int64(10), 'p82 federico': np.int64(5), 'p82 pinsoglio': np.int64(5), 'pinsoglio': np.int64(5), 'pinsoglio sprite6': np.int64(5), 'sprite6': np.int64(13), 'sprite6 p82': np.int64(10), 'tim': np.int64(5), 'tim weah': np.int64(5)}",strongly improving
Bellingham,0.1243,0.2905828816553224,19,"Counter({'neutral': 10, 'positive': 7, 'negative': 2})",7,2,10,19,36.84210526315789,10.526315789473683,52.63157894736842,0.2631578947368421,"{'but': np.int64(5), 'ceballos': np.int64(5), 'dani': np.int64(5), 'dani ceballos': np.int64(5), 'federico': np.int64(5), 'federico valverde': np.int64(5), 'ferland': np.int64(5), 'ferland mendy': np.int64(5), 'it': np.int64(8), 'madrid': np.int64(8), 'mendy': np.int64(5), 'mendy federico': np.int64(5), 'real': np.int64(8), 'real madrid': np.int64(8), 'tchouaméni': np.int64(5)}",improving
Benzema,0.0,0.0,14,Counter({'neutral': 14}),0,0,14,14,0.0,0.0,100.0,0.0,"{'adeyemi': np.int64(13), 'adeyemi icon': np.int64(5), 'borussia': np.int64(11), 'borussia dortmund': np.int64(11), 'carney': np.int64(8), 'carney chukwuemeka': np.int64(8), 'chukwuemeka': np.int64(8), 'dortmund': np.int64(11), 'icon': np.int64(9), 'icon sub': np.int64(7), 'maximilian': np.int64(3), 'sporting': np.int64(5), 'sprite6': np.int64(6), 'sub': np.int64(10), 'sub maximilian': np.int64(3)}",stable
Brahim,0.0,0.0,14,Counter({'neutral': 14}),0,0,14,14,0.0,0.0,100.0,0.0,"{'84': np.int64(6), '84 substitution': np.int64(6), 'arda': np.int64(5), 'arda güler': np.int64(5), 'fran garcía': np.int64(5), 'garcía': np.int64(5), 'jesús': np.int64(5), 'jesús vallejo': np.int64(5), 'madrid': np.int64(12), 'manchester': np.int64(6), 'real': np.int64(14), 'real madrid': np.int64(12), 'replaces': np.int64(5), 'substitution': np.int64(10), 'substitution real': np.int64(7)}",stable
Camavinga,0.0,0.0,18,Counter({'neutral': 18}),0,0,18,18,0.0,0.0,100.0,0.0,"{'dani': np.int64(5), 'dani ceballos': np.int64(5), 'fresneda': np.int64(6), 'icon': np.int64(8), 'icon sub': np.int64(6), 'iván': np.int64(6), 'iván fresneda': np.int64(6), 'kylian': np.int64(5), 'kylian mbappé': np.int64(5), 'p139': np.int64(6), 'quaresma': np.int64(8), 'sprite6': np.int64(10), 'sprite6 p139': np.int64(6), 'sub': np.int64(9), 'substitution': np.int64(7)}",stable
Ceballos,0.0,,1,Counter({'neutral': 1}),0,0,1,1,0.0,0.0,100.0,0.0,"{'11th': np.int64(1), 'he started': np.int64(1), 'just': np.int64(1), 'most': np.int64(1), 'most starts': np.int64(1), 'olmo': np.int64(1), 'olmo he': np.int64(1), 'player': np.int64(1), 'player th': np.int64(1), 'started': np.int64(1), 'started just': np.int64(1), 'starts': np.int64(1), 'starts team': np.int64(1), 'team': np.int64(1), 'team comes': np.int64(1)}",Insufficient data for trend analysis
Courtois,0.0,0.0,6,Counter({'neutral': 6}),0,0,6,6,0.0,0.0,100.0,0.0,"{'asencio': np.int64(5), 'ferland': np.int64(5), 'ferland mendy': np.int64(5), 'ite1': np.int64(5), 'ite1 p9': np.int64(5), 'madrid': np.int64(5), 'madrid starting': np.int64(5), 'mendy': np.int64(5), 'p9': np.int64(5), 'p9 real': np.int64(5), 'raúl': np.int64(5), 'real': np.int64(5), 'real madrid': np.int64(5), 'starting': np.int64(5), 'starting xi': np.int64(5)}",stable
Endrick,0.0,0.0,5,Counter({'neutral': 5}),0,0,5,5,0.0,0.0,100.0,0.0,"{'aguado': np.int64(3), 'fran': np.int64(5), 'fran garcía': np.int64(5), 'garcía': np.int64(5), 'garcía chema': np.int64(3), 'gon': np.int64(3), 'güler': np.int64(3), 'güler fran': np.int64(3), 'jacobo': np.int64(3), 'jesús': np.int64(3), 'jesús vallejo': np.int64(3), 'lorenzo': np.int64(3), 'lorenzo aguado': np.int64(3), 'ramón': np.int64(3), 'vallejo': np.int64(3)}",stable
Fran García,0.0,0.0,9,Counter({'neutral': 9}),0,0,9,9,0.0,0.0,100.0,0.0,"{'andriy': np.int64(5), 'andriy lunin': np.int64(5), 'arda': np.int64(5), 'arda güler': np.int64(5), 'brahim': np.int64(5), 'brahim díaz': np.int64(5), 'díaz': np.int64(5), 'endrick': np.int64(5), 'fran': np.int64(6), 'fran chema': np.int64(3), 'güler': np.int64(5), 'güler fran': np.int64(3), 'jesús': np.int64(5), 'lunin': np.int64(5), 'subs': np.int64(4)}",stable
Güler,0.0,0.0,5,Counter({'neutral': 5}),0,0,5,5,0.0,0.0,100.0,0.0,"{'andriy': np.int64(5), 'andriy lunin': np.int64(5), 'brahim': np.int64(5), 'brahim díaz': np.int64(5), 'díaz': np.int64(5), 'díaz endrick': np.int64(3), 'endrick': np.int64(3), 'fran': np.int64(5), 'fran garcía': np.int64(5), 'garcía': np.int64(5), 'júnior rodrygo': np.int64(3), 'lunin': np.int64(5), 'lunin fran': np.int64(5), 'rodrygo': np.int64(3), 'rodrygo subs': np.int64(3)}",stable
Lucas Vázquez,0.0,0.0,2,Counter({'neutral': 2}),0,0,2,2,0.0,0.0,100.0,0.0,"{'alaba': np.int64(2), 'coach': np.int64(2), 'coach carlo': np.int64(2), 'david': np.int64(2), 'david alaba': np.int64(2), 'díaz': np.int64(2), 'díaz jesús': np.int64(2), 'garcía': np.int64(2), 'garcía arda': np.int64(2), 'güler': np.int64(2), 'güler brahim': np.int64(2), 'jesús': np.int64(2), 'jesús vallejo': np.int64(2), 'lucas': np.int64(2), 'lucas david': np.int64(2)}",Insufficient data for trend analysis
Lunin,0.0,0.0,5,Counter({'neutral': 5}),0,0,5,5,0.0,0.0,100.0,0.0,"{'arda': np.int64(5), 'arda güler': np.int64(5), 'brahim': np.int64(5), 'fran': np.int64(5), 'fran garcía': np.int64(5), 'garcía': np.int64(5), 'güler': np.int64(5), 'júnior': np.int64(3), 'júnior rodrygo': np.int64(3), 'mbappé': np.int64(3), 'mbappé vinícius': np.int64(3), 'rodrygo subs': np.int64(3), 'subs': np.int64(3), 'subs arda': np.int64(3), 'vinícius': np.int64(3)}",stable
Mbappé,-0.048235714285714285,0.23102586068853484,28,"Counter({'neutral': 20, 'negative': 5, 'positive': 3})",3,5,20,28,10.714285714285714,17.857142857142858,71.42857142857143,-0.07142857142857142,"{'city': np.int64(9), 'city real': np.int64(9), 'goal': np.int64(9), 'highlight': np.int64(9), 'highlight https': np.int64(9), 'https': np.int64(9), 'https old': np.int64(9), 'madrid': np.int64(22), 'madrid highlight': np.int64(9), 'manchester city': np.int64(9), 'old': np.int64(9), 'old reddit': np.int64(9), 'real': np.int64(22), 'real madrid': np.int64(22), 'reddit': np.int64(9)}",stable
Mendy,0.0,0.0,6,Counter({'neutral': 6}),0,0,6,6,0.0,0.0,100.0,0.0,"{'asencio': np.int64(5), 'bellingham': np.int64(5), 'bellingham dani': np.int64(5), 'ceballo': np.int64(5), 'courtois': np.int64(5), 'dani': np.int64(5), 'dani ceballo': np.int64(5), 'federico': np.int64(5), 'federico valverde': np.int64(5), 'jude': np.int64(5), 'jude bellingham': np.int64(5), 'raúl': np.int64(5), 'raúl asencio': np.int64(5), 'valverde': np.int64(5), 'valverde jude': np.int64(5)}",stable
Modric,0.06399,0.19695706424978704,20,"Counter({'neutral': 18, 'positive': 2})",2,0,18,20,10.0,0.0,90.0,0.1,"{'00': np.int64(5), 'icon': np.int64(8), 'ivanušec': np.int64(6), 'mestre': np.int64(5), 'moder': np.int64(4), 'p124': np.int64(4), 'p138': np.int64(4), 'p43': np.int64(4), 'sergio': np.int64(5), 'sergio mestre': np.int64(5), 'sprite6': np.int64(12), 'sprite6 p124': np.int64(4), 'sprite6 p138': np.int64(4), 'sprite6 p43': np.int64(4), 'substitution': np.int64(8)}",stable
Rodrygo,-0.07442499999999999,0.21891320007406284,4,"Counter({'negative': 2, 'neutral': 1, 'positive': 1})",1,2,1,4,25.0,50.0,25.0,-0.25,"{'area': np.int64(2), 'area brazilian': np.int64(2), 'brazilian': np.int64(2), 'brazilian wi': np.int64(2), 'edge': np.int64(2), 'edge penalty': np.int64(2), 'he': np.int64(2), 'he quickly': np.int64(2), 'inside': np.int64(2), 'inside edge': np.int64(2), 'it': np.int64(2), 'it inside': np.int64(2), 'penalty': np.int64(2), 'penalty area': np.int64(2), 'plays it': np.int64(2)}",Insufficient data for trend analysis
Rüdiger,-0.0593,0.10271061288883443,3,"Counter({'neutral': 2, 'negative': 1})",0,1,2,3,0.0,33.33333333333333,66.66666666666666,-0.3333333333333333,"{'ferland': np.int64(2), 'ferland mendy': np.int64(2), 'id': np.int64(2), 'id starting': np.int64(2), 'mendy': np.int64(2), 'mendy federico': np.int64(2), 'raúl': np.int64(2), 'raúl asencio': np.int64(2), 'starting': np.int64(2), 'starting xi': np.int64(2), 'thibaut': np.int64(2), 'thibaut courtois': np.int64(2), 'valverde': np.int64(2), 'xi': np.int64(2), 'xi thibaut': np.int64(2)}",Insufficient data for trend analysis
Tchouaméni,0.0,0.0,6,Counter({'neutral': 6}),0,0,6,6,0.0,0.0,100.0,0.0,"{'federico': np.int64(3), 'federico valverde': np.int64(3), 'ferland': np.int64(3), 'ferland mendy': np.int64(3), 'jude': np.int64(5), 'jude bellingha': np.int64(3), 'mendy': np.int64(3), 'mendy federico': np.int64(3), 'raúl': np.int64(3), 'raúl asencio': np.int64(3), 'starting': np.int64(3), 'starting xi': np.int64(3), 'valverde': np.int64(5), 'valverde jude': np.int64(5), 'xi': np.int64(3)}",stable
Valverde,-0.023416000000000006,0.2887167999383941,25,"Counter({'neutral': 17, 'negative': 5, 'positive': 3})",3,5,17,25,12.0,20.0,68.0,-0.08,"{'aurélien': np.int64(5), 'bellingham': np.int64(5), 'ceballos': np.int64(8), 'dani ceballos': np.int64(5), 'ferland': np.int64(5), 'gatti': np.int64(7), 'icon': np.int64(8), 'madrid': np.int64(8), 'p82': np.int64(19), 'p82 carlo': np.int64(5), 'p82 gatti': np.int64(5), 'raúl asencio': np.int64(5), 'real': np.int64(6), 'sprite6': np.int64(19), 'sprite6 p82': np.int64(19)}",strongly improving
Vinicius,0.38863333333333333,0.2761145867208033,9,"Counter({'positive': 7, 'neutral': 2})",7,0,2,9,77.77777777777779,0.0,22.22222222222222,0.7777777777777778,"{'1st': np.int64(4), '1st place': np.int64(4), 'but': np.int64(7), 'forward': np.int64(3), 'forward but': np.int64(3), 'found': np.int64(3), 'gives': np.int64(3), 'gives it': np.int64(3), 'he': np.int64(5), 'inside': np.int64(5), 'it': np.int64(7), 'it straight': np.int64(3), 'jr': np.int64(4), 'place': np.int64(4), 'plays': np.int64(4)}",strongly declining
