title,comments,upvotes,sentiment,date,url
Faculty Position in Artificial Intelligence for Veterinary Medicine,0,1,-0.2833333333333333,2025-02-28 22:04:22,https://www.reddit.com/r/ScienceJobs/comments/1j0qtzv/faculty_position_in_artificial_intelligence_for/
"chance a veiny ahh cs dih for ucs + mich, uiuc üëÖ",10,9,0.17413793103448275,2025-02-26 14:58:59,https://www.reddit.com/r/chanceme/comments/1iyy3vt/chance_a_veiny_ahh_cs_dih_for_ucs_mich_uiuc/
Chance future Young Sheldon üëÖ - Physics Major for T20/UC,8,11,0.0549074074074074,2025-02-26 14:57:58,https://www.reddit.com/r/chanceme/comments/1iyy321/chance_future_young_sheldon_physics_major_for/
UW Madison vs UMD for Computer Science,18,0,0.27145833333333336,2025-02-25 02:17:33,https://www.reddit.com/r/UWMadison/comments/1ixq4br/uw_madison_vs_umd_for_computer_science/
UMD vs UW Madison for Computer Science,9,2,0.27145833333333336,2025-02-25 02:10:23,https://www.reddit.com/r/UMD/comments/1ixq0vr/umd_vs_uw_madison_for_computer_science/
"[Admissions Advice] What would you choose, NEU in the US or University of Stuttgart in Germany for MSCS specifically after Trump and possibly altered OPT conditions?",3,0,0.038015873015873024,2025-02-23 00:22:27,https://www.reddit.com/r/MSCS/comments/1iw3riy/admissions_advice_what_would_you_choose_neu_in/
"Immmm stresssing, just give advice on what i can do and what to improve.......",4,1,0.1642361111111111,2025-02-19 09:56:04,https://www.reddit.com/r/chanceme/comments/1it8rtk/immmm_stresssing_just_give_advice_on_what_i_can/
AMI I COOKED???,2,1,0.1642361111111111,2025-02-17 12:54:41,https://www.reddit.com/r/IntltoUSA/comments/1irrj8i/ami_i_cooked/
IM COOKED!!! Chance a Delusional Indian Kid living in UAE,10,0,0.1642361111111111,2025-02-16 14:15:00,https://www.reddit.com/r/chanceme/comments/1ir1e5n/im_cooked_chance_a_delusional_indian_kid_living/
Chance An Indian Delusional kid Living in UAE,33,1,0.15919117647058822,2025-02-16 12:47:10,https://www.reddit.com/r/chanceme/comments/1iqz9ly/chance_an_indian_delusional_kid_living_in_uae/
Chance me for T20's,31,1,0.11414646464646465,2025-02-16 07:19:09,https://www.reddit.com/r/chanceme/comments/1iqs19t/chance_me_for_t20s/
"Chance ME FOR T20 , in %",4,2,0.11414646464646465,2025-02-15 13:11:44,https://www.reddit.com/r/chanceme/comments/1iq8rhu/chance_me_for_t20_in/
UW-Madison vs Purdue vs UT-Austin,4,0,0.14265734265734267,2025-02-11 10:22:51,https://www.reddit.com/r/UTAustin/comments/1in2gfm/uwmadison_vs_purdue_vs_utaustin/
UW-Madison vs Purdue vs UT-Austin,10,0,0.14265734265734267,2025-02-11 10:21:58,https://www.reddit.com/r/UWMadison/comments/1in2fn2/uwmadison_vs_purdue_vs_utaustin/
UW-Madison vs Purdue vs UT-Austin,16,7,0.14265734265734267,2025-02-11 10:20:46,https://www.reddit.com/r/ApplyingToCollege/comments/1in2ek9/uwmadison_vs_purdue_vs_utaustin/
[Results and Decisions] HOLY SHIT! Got an admit from CMU MCDS!,73,124,0.2779166666666667,2025-02-11 00:19:17,https://www.reddit.com/r/MSCS/comments/1ims83l/results_and_decisions_holy_shit_got_an_admit_from/
"Free Books from Carly Robyn, Kelly Hashway, Jennifer Labelle, Paula Altenburg, J. H. Croix, Annie Dyer, Lacey Black, Katy Kaylee, Piper Ward, Noelle Stone,  Kat Steel, Jenika Snow, Naomi Ryan, Measha Stone, Kate Perry Kathia, Cat Johnson, C.J. Pinard, Lana Chase, Aria Bates, Sara Dale, Alessia Rose",2,11,0.12835213032581455,2025-02-10 16:24:17,https://www.reddit.com/r/FreeRomanceBooks/comments/1imizzm/free_books_from_carly_robyn_kelly_hashway/
Faculty Position in Artificial Intelligence for Veterinary Medicine,0,1,-0.2833333333333333,2025-02-08 12:04:15,https://www.reddit.com/r/ScienceJobs/comments/1iktedq/faculty_position_in_artificial_intelligence_for/
CS PhD Fall 2025 Decisions/Rejects - Don't Worry!,6,34,0.305202380952381,2025-02-08 06:31:52,https://www.reddit.com/r/gradadmissions/comments/1ikm9fq/cs_phd_fall_2025_decisionsrejects_dont_worry/
Chance me for Rice EDII,9,3,0.08333333333333333,2025-02-07 09:35:32,https://www.reddit.com/r/chanceme/comments/1ijxq9n/chance_me_for_rice_edii/
Law school admission decisions as someone with not the best stats,17,89,0.28010461760461763,2025-02-07 08:18:54,https://www.reddit.com/r/lawschooladmissions/comments/1ijw0da/law_school_admission_decisions_as_someone_with/
"My list of reactors so far #02 (Feb 3rd, 2025)",14,15,0.11994773314540755,2025-02-03 13:25:03,https://www.reddit.com/r/reactgirlsofYT/comments/1igxhlw/my_list_of_reactors_so_far_02_feb_3rd_2025/
Chance me for Rice,5,1,0.08333333333333333,2025-02-03 01:23:44,https://www.reddit.com/r/chanceme/comments/1igjo7y/chance_me_for_rice/
Avg international bags a few T50's,6,9,0.1513820638820639,2025-02-01 23:41:28,https://www.reddit.com/r/collegeresults/comments/1ifqeuy/avg_international_bags_a_few_t50s/
Indian CS Major For Rice,16,4,0.10208186360964139,2025-02-01 22:48:14,https://www.reddit.com/r/chanceme/comments/1ifpjax/indian_cs_major_for_rice/
Yet Another Indian CS Student,63,29,0.1860632183908046,2025-02-01 12:43:16,https://www.reddit.com/r/chanceme/comments/1ifd4r3/yet_another_indian_cs_student/
Is it over for me,29,12,0.23447916666666666,2025-01-30 02:16:20,https://www.reddit.com/r/collegeresults/comments/1ididws/is_it_over_for_me/
Faculty Position in Artificial Intelligence for Veterinary Medicine,0,2,-0.2833333333333333,2025-01-27 22:04:15,https://www.reddit.com/r/ScienceJobs/comments/1ibt3qe/faculty_position_in_artificial_intelligence_for/
Chance Korean Bay Area CS Kid after he gets deferred from 3 EAs already,3,6,-0.026018518518518524,2025-01-27 21:57:22,https://www.reddit.com/r/chanceme/comments/1ibsz55/chance_korean_bay_area_cs_kid_after_he_gets/
"Indian Kid - Bad GPA, Decent SAT, Good EC's (im cooked)",8,3,-0.03427579365079364,2025-01-23 22:50:53,https://www.reddit.com/r/chanceme/comments/1i8nop4/indian_kid_bad_gpa_decent_sat_good_ecs_im_cooked/
430 Summer Programs (repost cuz other got deleted),20,152,0.0206933170995671,2025-01-21 15:03:30,https://www.reddit.com/r/summerprogramresults/comments/1i6t8wh/430_summer_programs_repost_cuz_other_got_deleted/
Faculty Position in Artificial Intelligence for Veterinary Medicine,0,1,-0.2833333333333333,2025-01-12 08:00:16,https://www.reddit.com/r/ScienceJobs/comments/1hzn91a/faculty_position_in_artificial_intelligence_for/
[Profile Review] MSCS Fall 2026,7,4,0.25,2025-01-07 13:10:14,https://www.reddit.com/r/MSCS/comments/1hvz7qe/profile_review_mscs_fall_2026/
Faculty Position in Artificial Intelligence for Veterinary Medicine,0,1,-0.2833333333333333,2025-01-06 16:00:15,https://www.reddit.com/r/ScienceJobs/comments/1hvb6pb/faculty_position_in_artificial_intelligence_for/
Chance me for EA/RD schools + deferral,0,2,0.11335648148148146,2025-01-02 12:02:23,https://www.reddit.com/r/chanceme/comments/1hrzxf2/chance_me_for_eard_schools_deferral/
[Profile Review] MSCS / DS Fall'25,28,42,0.20053333333333334,2024-12-29 13:21:08,https://www.reddit.com/r/MSCS/comments/1hp3hbr/profile_review_mscs_ds_fall25/
Chanceme ,3,2,0.07386904761904763,2024-12-27 16:29:46,https://www.reddit.com/r/chanceme/comments/1hnqtph/chanceme/
Should I apply for Fall'25?,15,1,0.15000000000000002,2024-12-12 08:02:20,https://www.reddit.com/r/gradadmissions/comments/1hclqjw/should_i_apply_for_fall25/
Profile Evaluation for Fall‚Äô25,0,0,0.140625,2024-12-10 16:35:40,https://www.reddit.com/r/IntltoUSA/comments/1hbed39/profile_evaluation_for_fall25/
"[Profile Review] for MSCS Fall 2025 (Good research exp but low CGPA, aim to pursue a PhD later)",5,4,0.13828125000000002,2024-12-08 01:30:44,https://www.reddit.com/r/MSCS/comments/1h9dn9t/profile_review_for_mscs_fall_2025_good_research/
MSAIO hard to get in?,11,5,0.1361111111111111,2024-11-29 21:07:04,https://www.reddit.com/r/MSCSO/comments/1h333y1/msaio_hard_to_get_in/
Chance a big black African Man,13,6,0.18684210526315792,2024-11-26 09:03:54,https://www.reddit.com/r/chanceme/comments/1h0dwvv/chance_a_big_black_african_man/
[Profile Review] | Fall 2025 | Realistic chances,3,7,0.0712121212121212,2024-11-18 14:48:49,https://www.reddit.com/r/MSCS/comments/1guf4tv/profile_review_fall_2025_realistic_chances/
PROFILE REVIEW - USA - FALL 2025. What are my chances at the universities.,9,9,0.35714285714285715,2024-11-17 23:20:49,https://www.reddit.com/r/Indians_StudyAbroad/comments/1gtxjh5/profile_review_usa_fall_2025_what_are_my_chances/
[Profile Review] - USA - FALL 2025. What are my chances at the universities.,7,2,0.35714285714285715,2024-11-17 23:19:25,https://www.reddit.com/r/MSCS/comments/1gtxinx/profile_review_usa_fall_2025_what_are_my_chances/
Chance me as  HS Junior for Stanford REA and Umich Ross - Where do I need to improve?,5,1,0.030934343434343432,2024-11-13 21:17:10,https://www.reddit.com/r/chanceme/comments/1gqvhql/chance_me_as_hs_junior_for_stanford_rea_and_umich/
Profile Evaluation for Fall 25,11,7,0.2875,2024-11-06 00:17:49,https://www.reddit.com/r/MSCS/comments/1gkrxem/profile_evaluation_for_fall_25/
asian male tries his luck at computer engineering,28,54,0.08714480874316939,2024-11-05 01:41:28,https://www.reddit.com/r/collegeresults/comments/1gk1idk/asian_male_tries_his_luck_at_computer_engineering/
MSCS Profile evaluation (Fall 2025),0,0,0.23012820512820514,2024-11-02 13:08:02,https://www.reddit.com/r/gradadmissions/comments/1gi2i3m/mscs_profile_evaluation_fall_2025/
Profile evaluation (Fall 2025): MSCS with AI specialisation,0,2,0.23012820512820514,2024-11-02 10:45:53,https://www.reddit.com/r/MSCS/comments/1ghzcrl/profile_evaluation_fall_2025_mscs_with_ai/
Got admit from NEU today! Should I pay the deposit? Do you think I'll get in to these unis?,35,15,0.2233333333333333,2024-11-02 00:23:23,https://www.reddit.com/r/MSCS/comments/1ghpj2m/got_admit_from_neu_today_should_i_pay_the_deposit/
How is this profile for MS ECE Fall'25 application,1,5,0.06785714285714285,2024-11-01 13:24:24,https://www.reddit.com/r/Indians_StudyAbroad/comments/1ghc85l/how_is_this_profile_for_ms_ece_fall25_application/
Is my list very ambitious ,14,19,0.17604166666666668,2024-11-01 07:58:35,https://www.reddit.com/r/ECE/comments/1gh4r30/is_my_list_very_ambitious/
Is my list very ambitious ,1,1,0.17604166666666668,2024-11-01 07:57:31,https://www.reddit.com/r/ComputerEngineering/comments/1gh4qcf/is_my_list_very_ambitious/
Profile Evaluation for MS ECE Fall‚Äô25 Applications,2,2,0.20416666666666664,2024-11-01 03:15:35,https://www.reddit.com/r/ComputerEngineering/comments/1gh0isu/profile_evaluation_for_ms_ece_fall25_applications/
Profile Evaluation for MS ECE Fall‚Äô25 Applications,2,2,0.20416666666666664,2024-11-01 03:14:45,https://www.reddit.com/r/ECE/comments/1gh0ifi/profile_evaluation_for_ms_ece_fall25_applications/
Is my list very ambitious ,4,1,0.17604166666666668,2024-11-01 03:04:53,https://www.reddit.com/r/gradadmissions/comments/1gh0e5i/is_my_list_very_ambitious/
Profile evaluation for MS ECE Fall'25 applications,3,0,0.06785714285714285,2024-10-31 16:22:51,https://www.reddit.com/r/gradadmissions/comments/1ggpgaa/profile_evaluation_for_ms_ece_fall25_applications/
Am I being too ambitious?,0,0,0.22499999999999998,2024-10-26 11:28:31,https://www.reddit.com/r/MSCS/comments/1gcox8l/am_i_being_too_ambitious/
Domestic vs Foreign USA edition,2,6,-0.0067708333333333336,2024-10-24 17:46:44,https://www.reddit.com/r/MSCS/comments/1gbfm12/domestic_vs_foreign_usa_edition/
"Profile Evaluation, MSCS, Fall 25",22,19,0.06996527777777777,2024-10-19 12:23:50,https://www.reddit.com/r/MSCS/comments/1g7dwo5/profile_evaluation_mscs_fall_25/
Chance me for us schools for CS (us citizen living internationally),0,3,0.025,2024-10-18 14:26:09,https://www.reddit.com/r/chanceme/comments/1g6qh95/chance_me_for_us_schools_for_cs_us_citizen_living/
Chance me for Cornell(ED) and Georgia Tech(CS major),21,6,0.07429343434343433,2024-10-17 13:42:45,https://www.reddit.com/r/chanceme/comments/1g5y3z5/chance_me_for_cornelled_and_georgia_techcs_major/
Need a Review on my Shortlist!,2,2,0.625,2024-10-17 12:57:11,https://www.reddit.com/r/MSCS/comments/1g5x1xh/need_a_review_on_my_shortlist/
"chance me Harvard REA, uchicago legacy+ t10s and t20s",30,14,0.13401437847866418,2024-10-14 10:28:43,https://www.reddit.com/r/chanceme/comments/1g3ij0e/chance_me_harvard_rea_uchicago_legacy_t10s_and/
Profile Evaluation - US-based Undergrad + Big Tech for 2 yrs for MS CS,1,0,0.09328703703703703,2024-10-11 20:57:12,https://www.reddit.com/r/gradadmissions/comments/1g1pudp/profile_evaluation_usbased_undergrad_big_tech_for/
"
Profile Evaluation for MSCS and help with shortlisting",8,7,0.13700396825396824,2024-09-29 12:48:11,https://www.reddit.com/r/MSCS/comments/1fsa6wr/profile_evaluation_for_mscs_and_help_with/
UW Madison trying to get taxpayer funds ,60,0,0.019786096256684493,2024-09-21 12:04:17,https://www.reddit.com/r/madisonwi/comments/1fm7o9v/uw_madison_trying_to_get_taxpayer_funds/
Profile Review : Fall 2025 MS ECE (E&E Undergrad with 2 years of exp in Deep Learning),0,0,0.08567708333333333,2024-09-12 00:45:25,https://www.reddit.com/r/gradadmissions/comments/1fevc9m/profile_review_fall_2025_ms_ece_ee_undergrad_with/
Profile Evaluation and University Recommendations Fall 2025,0,0,0.027867965367965365,2024-09-07 15:14:50,https://www.reddit.com/r/gradadmissions/comments/1fbg3a2/profile_evaluation_and_university_recommendations/
Profile Evaluation and University Recommendations Fall 2025,10,13,0.027867965367965365,2024-09-07 15:08:32,https://www.reddit.com/r/MSCS/comments/1fbfyc7/profile_evaluation_and_university_recommendations/
Profile Evaluation for Fall 25,11,13,0.2394318181818182,2024-09-02 09:13:56,https://www.reddit.com/r/MSCS/comments/1f77rw7/profile_evaluation_for_fall_25/
"Chance for MIT, Stanford, Princeton",14,4,0.15091145833333333,2024-08-31 17:09:04,https://www.reddit.com/r/chanceme/comments/1f5yx24/chance_for_mit_stanford_princeton/
chance me (male international asian low income),47,2,0.15148809523809526,2024-08-29 01:37:25,https://www.reddit.com/r/chanceme/comments/1f3vs4i/chance_me_male_international_asian_low_income/
Profile Evaluation FALL 2025 MSCS,3,2,0.029545454545454545,2024-08-24 07:33:33,https://www.reddit.com/r/MSCS/comments/1f04703/profile_evaluation_fall_2025_mscs/
Profile Evaluation for MS CS,2,0,0.029545454545454545,2024-08-24 07:26:25,https://www.reddit.com/r/gradadmissions/comments/1f0428k/profile_evaluation_for_ms_cs/
"ü©∫ August 18, 2024: Consolidated News from 100+ Publications for Medical Professionals | UK üè•
",0,1,0.022639832867105608,2024-08-18 04:30:07,https://www.reddit.com/r/MedNewsUKDaily/comments/1ev59bx/august_18_2024_consolidated_news_from_100/
chance a Native American Rising Senior who is cooked and baked,31,4,0.16197057447057447,2024-08-15 20:06:05,https://www.reddit.com/r/chanceme/comments/1etbxz5/chance_a_native_american_rising_senior_who_is/
How to improve profile for starting grad school in computer science in Fall 2026,2,5,0.175,2024-08-04 12:05:36,https://www.reddit.com/r/Indians_StudyAbroad/comments/1ek06id/how_to_improve_profile_for_starting_grad_school/
List of Programs & Internships for High Schoolers,3,18,0.02421664957849169,2024-08-03 22:02:02,https://www.reddit.com/r/ApplyingToCollege/comments/1ejl958/list_of_programs_internships_for_high_schoolers/
What are other schools I should be considering that have high job placement? ,0,1,0.012968750000000001,2024-08-02 23:28:45,https://www.reddit.com/r/ApplyingToCollege/comments/1eiuj2l/what_are_other_schools_i_should_be_considering/
"Florida Student - What schools should be in my safety, match and reaches? ",0,1,0.01232142857142857,2024-08-01 21:24:35,https://www.reddit.com/r/ApplyingToCollege/comments/1ehysv6/florida_student_what_schools_should_be_in_my/
 Profile evaluation for MS CS Fall 2025 ,0,2,0.16,2024-07-09 19:20:40,https://www.reddit.com/r/gradadmissions/comments/1dzi20l/profile_evaluation_for_ms_cs_fall_2025/
Profile Evaluation for Fall 2025,1,2,0.3041666666666667,2024-07-09 11:41:27,https://www.reddit.com/r/MSCS/comments/1dz72vs/profile_evaluation_for_fall_2025/
Profile evaluation for MS CS Fall 2025,2,1,0.3041666666666667,2024-07-09 11:40:29,https://www.reddit.com/r/gradadmissions/comments/1dz720r/profile_evaluation_for_ms_cs_fall_2025/
My chances for these schools with these stats,11,5,0.2687318563789152,2024-07-01 13:47:19,https://www.reddit.com/r/chanceme/comments/1dt0oyr/my_chances_for_these_schools_with_these_stats/
Insights on MS CS program at UMass Amherst,4,1,0.22666666666666668,2024-06-29 01:24:53,https://www.reddit.com/r/umass/comments/1dr4t5p/insights_on_ms_cs_program_at_umass_amherst/
Insights on Professional MS CS program at UW Madison,3,4,0.19047619047619047,2024-06-29 01:20:32,https://www.reddit.com/r/UWMadison/comments/1dr4qt3/insights_on_professional_ms_cs_program_at_uw/
Chance a stressed junior who is probably cooked,4,1,0.007670454545454549,2024-06-26 23:13:53,https://www.reddit.com/r/chanceme/comments/1dpifh5/chance_a_stressed_junior_who_is_probably_cooked/
"Profile Review : E&E Undergrad, Data Science Exp",0,7,0.07256944444444445,2024-06-23 03:53:33,https://www.reddit.com/r/MSCS/comments/1dmhwr2/profile_review_ee_undergrad_data_science_exp/
Can you suggest universities for MEng/MSDS/MCS/MS-ECE  --  Do I have a chance?,6,3,0.18634316134316137,2024-06-12 01:23:19,https://www.reddit.com/r/Indians_StudyAbroad/comments/1ddzvw8/can_you_suggest_universities_for_mengmsdsmcsmsece/
Profile Evaluation for MCS/MSDS/MSECE - Low GPA concern,0,1,0.1531221303948577,2024-06-11 07:35:36,https://www.reddit.com/r/gradadmissions/comments/1ddd0xc/profile_evaluation_for_mcsmsdsmsece_low_gpa/
AI Legalese Decoder: Breaking Down the Legal Jargon in the Aftermath of the UW-Madison Shooting,0,1,0.022222222222222213,2024-06-09 18:33:45,https://www.reddit.com/r/legalselfserve/comments/1dc7jla/ai_legalese_decoder_breaking_down_the_legal/
Chance a cooked rising senior for CS,7,3,0.06763415404040404,2024-06-03 15:54:26,https://www.reddit.com/r/chanceme/comments/1d7fayz/chance_a_cooked_rising_senior_for_cs/
How reasonable is my school selection for IR Master‚Äôs programs?,0,1,0.09706284153005465,2024-06-03 00:23:11,https://www.reddit.com/r/IRstudies/comments/1d6wymn/how_reasonable_is_my_school_selection_for_ir/
How reasonable is my school selection for IR Master‚Äôs programs?,1,1,0.09706284153005465,2024-06-03 00:15:17,https://www.reddit.com/r/gradadmissions/comments/1d6wu67/how_reasonable_is_my_school_selection_for_ir/
Chance me for CS(High School Junior),0,2,0.10337422839506173,2024-06-02 20:46:32,https://www.reddit.com/r/chanceme/comments/1d6t6ym/chance_me_for_cshigh_school_junior/
Purdue CIT vs UW Madison CS,3,3,0.2757142857142857,2024-05-25 12:22:57,https://www.reddit.com/r/ApplyingToCollege/comments/1d0gvg9/purdue_cit_vs_uw_madison_cs/
